municipio,JOÃO VICTOR QUEIROZ DO NASCIMENTO
ABREU E LIMA,234
AFOGADOS DA INGAZEIRA,1
AFRÂNIO,13
AGRESTINA,6
ALAGOINHA,0
ALIANÇA,53
ALTINHO,4
AMARAJI,5
ANGELIM,1
ARARIPINA,13
ARAÇOIABA,24
ARCOVERDE,40
BARRA DE GUABIRABA,11
BARREIROS,162
BELO JARDIM,313
BELÉM DE MARIA,10
BELÉM DO SÃO FRANCISCO,47
BETÂNIA,0
BEZERROS,318
BODOCÓ,453
BOM CONSELHO,61
BOM JARDIM,18
BONITO,2
BREJINHO,0
BREJO DA MADRE DE DEUS,11
BREJÃO,18
BUENOS AIRES,13
BUÍQUE,58
CABO DE SANTO AGOSTINHO,859
CABROBÓ,3
CACHOEIRINHA,1
CAETÉS,201
CALUMBI,0
CALÇADO,3
CAMARAGIBE,14482
CAMOCIM DE SÃO FÉLIX,4
CAMUTANGA,1
CANHOTINHO,1
CAPOEIRAS,55
CARNAUBEIRA DA PENHA,23
CARNAÍBA,4
CARPINA,65
CARUARU,695
CASINHAS,11
CATENDE,117
CEDRO,1
CHÃ DE ALEGRIA,16
CHÃ GRANDE,73
CONDADO,582
CORRENTES,43
CORTÊS,6
CUMARU,15
CUPIRA,6
CUSTÓDIA,82
DORMENTES,7
ESCADA,60
EXU,11
FEIRA NOVA,18
FERNANDO DE NORONHA,44
FERREIROS,77
FLORES,1
FLORESTA,12
FREI MIGUELINHO,85
GAMELEIRA,67
GARANHUNS,419
GLÓRIA DO GOITÁ,17
GOIANA,314
GRANITO,1
GRAVATÁ,1218
IATI,9
IBIMIRIM,5
IBIRAJUBA,8
IGARASSU,156
IGUARACY,3
ILHA DE ITAMARACÁ,447
INAJÁ,44
INGAZEIRA,3
IPOJUCA,50
IPUBI,1
ITACURUBA,4
ITAMBÉ,163
ITAPETIM,0
ITAPISSUMA,23
ITAQUITINGA,733
ITAÍBA,57
JABOATÃO DOS GUARARAPES,7489
JAQUEIRA,1
JATAÚBA,1
JATOBÁ,1
JOAQUIM NABUCO,9
JOÃO ALFREDO,7
JUCATI,36
JUPI,18
JUREMA,5
LAGOA DE ITAENGA,98
LAGOA DO CARRO,236
LAGOA DO OURO,2
LAGOA DOS GATOS,1
LAGOA GRANDE,26
LAJEDO,909
LIMOEIRO,30
MACAPARANA,12
MACHADOS,3
MANARI,3
MARAIAL,1
MIRANDIBA,2
MOREILÂNDIA,0
MORENO,432
NAZARÉ DA MATA,200
OLINDA,2643
OROBÓ,15
OROCÓ,10
OURICURI,1107
PALMARES,579
PALMEIRINA,67
PANELAS,76
PARANATAMA,5
PARNAMIRIM,18
PASSIRA,35
PAUDALHO,656
PAULISTA,1627
PEDRA,13
PESQUEIRA,18
PETROLINA,1874
PETROLÂNDIA,7
POMBOS,5
POÇÃO,1
PRIMAVERA,9
QUIPAPÁ,5
QUIXABA,1
RECIFE,16627
RIACHO DAS ALMAS,2
RIBEIRÃO,364
RIO FORMOSO,10
SAIRÉ,26
SALGADINHO,10
SALGUEIRO,394
SALOÁ,330
SANHARÓ,81
SANTA CRUZ,5
SANTA CRUZ DA BAIXA VERDE,2
SANTA CRUZ DO CAPIBARIBE,12
SANTA FILOMENA,2
SANTA MARIA DA BOA VISTA,39
SANTA MARIA DO CAMBUCÁ,9
SANTA TEREZINHA,0
SERRA TALHADA,22
SERRITA,35
SERTÂNIA,8
SIRINHAÉM,11
SOLIDÃO,3
SURUBIM,53
SÃO BENEDITO DO SUL,3
SÃO BENTO DO UNA,18
SÃO CAITANO,96
SÃO JOAQUIM DO MONTE,1
SÃO JOSÉ DA COROA GRANDE,164
SÃO JOSÉ DO BELMONTE,15
SÃO JOSÉ DO EGITO,5
SÃO JOÃO,11
SÃO LOURENÇO DA MATA,3311
SÃO VICENTE FÉRRER,3
TABIRA,88
TACAIMBÓ,8
TACARATU,0
TAMANDARÉ,30
TAQUARITINGA DO NORTE,2
TEREZINHA,8
TERRA NOVA,2
TIMBAÚBA,14
TORITAMA,104
TRACUNHAÉM,10
TRINDADE,12
TRIUNFO,0
TUPANATINGA,1
TUPARETAMA,0
VENTUROSA,48
VERDEJANTE,34
VERTENTE DO LÉRIO,2
VERTENTES,69
VICÊNCIA,9
VITÓRIA DE SANTO ANTÃO,165
XEXÉU,530
ÁGUA PRETA,60
ÁGUAS BELAS,20
TOTAL,64476
