municipio,ANDERSON LUIZ CORDEIRO DE ARAÚJO SILVA
ABREU E LIMA,24
AFOGADOS DA INGAZEIRA,2
AFRÂNIO,0
AGRESTINA,159
ALAGOINHA,14
ALIANÇA,0
ALTINHO,110
AMARAJI,5
ANGELIM,1
ARARIPINA,0
ARAÇOIABA,0
ARCOVERDE,29
BARRA DE GUABIRABA,31
BARREIROS,58
BELO JARDIM,86
BELÉM DE MARIA,47
BELÉM DO SÃO FRANCISCO,6
BETÂNIA,0
BEZERROS,218
BODOCÓ,0
BOM CONSELHO,7
BOM JARDIM,4
BONITO,121
BREJINHO,0
BREJO DA MADRE DE DEUS,346
BREJÃO,10
BUENOS AIRES,3
BUÍQUE,6
CABO DE SANTO AGOSTINHO,24
CABROBÓ,0
CACHOEIRINHA,27
CAETÉS,7
CALUMBI,0
CALÇADO,10
CAMARAGIBE,22
CAMOCIM DE SÃO FÉLIX,100
CAMUTANGA,0
CANHOTINHO,16
CAPOEIRAS,8
CARNAUBEIRA DA PENHA,0
CARNAÍBA,0
CARPINA,4
CARUARU,25843
CASINHAS,1
CATENDE,51
CEDRO,0
CHÃ DE ALEGRIA,0
CHÃ GRANDE,12
CONDADO,10
CORRENTES,13
CORTÊS,9
CUMARU,44
CUPIRA,55
CUSTÓDIA,8
DORMENTES,2
ESCADA,7
EXU,0
FEIRA NOVA,7
FERNANDO DE NORONHA,0
FERREIROS,0
FLORES,0
FLORESTA,5
FREI MIGUELINHO,60
GAMELEIRA,45
GARANHUNS,581
GLÓRIA DO GOITÁ,34
GOIANA,43
GRANITO,1
GRAVATÁ,47
IATI,3
IBIMIRIM,1
IBIRAJUBA,22
IGARASSU,8
IGUARACY,4
ILHA DE ITAMARACÁ,2
INAJÁ,3
INGAZEIRA,0
IPOJUCA,14
IPUBI,0
ITACURUBA,1
ITAMBÉ,0
ITAPETIM,3
ITAPISSUMA,1
ITAQUITINGA,2
ITAÍBA,1
JABOATÃO DOS GUARARAPES,108
JAQUEIRA,9
JATAÚBA,15
JATOBÁ,0
JOAQUIM NABUCO,7
JOÃO ALFREDO,1
JUCATI,2
JUPI,2
JUREMA,5
LAGOA DE ITAENGA,1
LAGOA DO CARRO,0
LAGOA DO OURO,7
LAGOA DOS GATOS,28
LAGOA GRANDE,42
LAJEDO,18
LIMOEIRO,8
MACAPARANA,0
MACHADOS,0
MANARI,2
MARAIAL,5
MIRANDIBA,1
MOREILÂNDIA,1
MORENO,8
NAZARÉ DA MATA,2
OLINDA,62
OROBÓ,0
OROCÓ,0
OURICURI,10
PALMARES,414
PALMEIRINA,3
PANELAS,61
PARANATAMA,3
PARNAMIRIM,47
PASSIRA,16
PAUDALHO,3
PAULISTA,40
PEDRA,2
PESQUEIRA,66
PETROLINA,22
PETROLÂNDIA,2
POMBOS,9
POÇÃO,14
PRIMAVERA,2
QUIPAPÁ,18
QUIXABA,0
RECIFE,391
RIACHO DAS ALMAS,308
RIBEIRÃO,19
RIO FORMOSO,2
SAIRÉ,374
SALGADINHO,1
SALGUEIRO,4
SALOÁ,1
SANHARÓ,29
SANTA CRUZ,0
SANTA CRUZ DA BAIXA VERDE,0
SANTA CRUZ DO CAPIBARIBE,54
SANTA FILOMENA,1
SANTA MARIA DA BOA VISTA,1
SANTA MARIA DO CAMBUCÁ,5
SANTA TEREZINHA,0
SERRA TALHADA,32
SERRITA,1
SERTÂNIA,8
SIRINHAÉM,10
SOLIDÃO,1
SURUBIM,29
SÃO BENEDITO DO SUL,8
SÃO BENTO DO UNA,7
SÃO CAITANO,264
SÃO JOAQUIM DO MONTE,64
SÃO JOSÉ DA COROA GRANDE,15
SÃO JOSÉ DO BELMONTE,5
SÃO JOSÉ DO EGITO,21
SÃO JOÃO,18
SÃO LOURENÇO DA MATA,5
SÃO VICENTE FÉRRER,0
TABIRA,0
TACAIMBÓ,19
TACARATU,0
TAMANDARÉ,13
TAQUARITINGA DO NORTE,52
TEREZINHA,13
TERRA NOVA,0
TIMBAÚBA,5
TORITAMA,547
TRACUNHAÉM,1
TRINDADE,1
TRIUNFO,1
TUPANATINGA,5
TUPARETAMA,2
VENTUROSA,2
VERDEJANTE,0
VERTENTE DO LÉRIO,0
VERTENTES,32
VICÊNCIA,1
VITÓRIA DE SANTO ANTÃO,21
XEXÉU,22
ÁGUA PRETA,27
ÁGUAS BELAS,6
TOTAL,31962
