municipio,DANIELLE GONDIM PORTELA
ABREU E LIMA,1952
AFOGADOS DA INGAZEIRA,222
AFRÂNIO,20
AGRESTINA,129
ALAGOINHA,80
ALIANÇA,255
ALTINHO,137
AMARAJI,113
ANGELIM,41
ARARIPINA,105
ARAÇOIABA,119
ARCOVERDE,1130
BARRA DE GUABIRABA,45
BARREIROS,290
BELO JARDIM,957
BELÉM DE MARIA,21
BELÉM DO SÃO FRANCISCO,50
BETÂNIA,12
BEZERROS,783
BODOCÓ,37
BOM CONSELHO,108
BOM JARDIM,159
BONITO,228
BREJINHO,22
BREJO DA MADRE DE DEUS,232
BREJÃO,75
BUENOS AIRES,100
BUÍQUE,153
CABO DE SANTO AGOSTINHO,3394
CABROBÓ,80
CACHOEIRINHA,95
CAETÉS,274
CALUMBI,24
CALÇADO,47
CAMARAGIBE,3627
CAMOCIM DE SÃO FÉLIX,121
CAMUTANGA,68
CANHOTINHO,116
CAPOEIRAS,108
CARNAUBEIRA DA PENHA,20
CARNAÍBA,55
CARPINA,822
CARUARU,5805
CASINHAS,48
CATENDE,169
CEDRO,31
CHÃ DE ALEGRIA,89
CHÃ GRANDE,210
CONDADO,150
CORRENTES,75
CORTÊS,52
CUMARU,48
CUPIRA,164
CUSTÓDIA,176
DORMENTES,5
ESCADA,614
EXU,134
FEIRA NOVA,190
FERNANDO DE NORONHA,109
FERREIROS,84
FLORES,44
FLORESTA,148
FREI MIGUELINHO,79
GAMELEIRA,79
GARANHUNS,2096
GLÓRIA DO GOITÁ,222
GOIANA,1085
GRANITO,18
GRAVATÁ,947
IATI,83
IBIMIRIM,71
IBIRAJUBA,26
IGARASSU,1495
IGUARACY,66
ILHA DE ITAMARACÁ,332
INAJÁ,32
INGAZEIRA,12
IPOJUCA,905
IPUBI,35
ITACURUBA,12
ITAMBÉ,152
ITAPETIM,57
ITAPISSUMA,162
ITAQUITINGA,65
ITAÍBA,25
JABOATÃO DOS GUARARAPES,18519
JAQUEIRA,55
JATAÚBA,50
JATOBÁ,42
JOAQUIM NABUCO,69
JOÃO ALFREDO,91
JUCATI,95
JUPI,96
JUREMA,48
LAGOA DE ITAENGA,146
LAGOA DO CARRO,164
LAGOA DO OURO,120
LAGOA DOS GATOS,67
LAGOA GRANDE,57
LAJEDO,242
LIMOEIRO,579
MACAPARANA,106
MACHADOS,46
MANARI,7
MARAIAL,20
MIRANDIBA,105
MOREILÂNDIA,88
MORENO,683
NAZARÉ DA MATA,390
OLINDA,8357
OROBÓ,86
OROCÓ,21
OURICURI,240
PALMARES,705
PALMEIRINA,51
PANELAS,85
PARANATAMA,90
PARNAMIRIM,69
PASSIRA,225
PAUDALHO,815
PAULISTA,8248
PEDRA,90
PESQUEIRA,609
PETROLINA,1462
PETROLÂNDIA,87
POMBOS,186
POÇÃO,56
PRIMAVERA,57
QUIPAPÁ,125
QUIXABA,17
RECIFE,60131
RIACHO DAS ALMAS,127
RIBEIRÃO,293
RIO FORMOSO,127
SAIRÉ,87
SALGADINHO,32
SALGUEIRO,312
SALOÁ,75
SANHARÓ,191
SANTA CRUZ,10
SANTA CRUZ DA BAIXA VERDE,51
SANTA CRUZ DO CAPIBARIBE,343
SANTA FILOMENA,16
SANTA MARIA DA BOA VISTA,94
SANTA MARIA DO CAMBUCÁ,45
SANTA TEREZINHA,27
SERRA TALHADA,342
SERRITA,57
SERTÂNIA,153
SIRINHAÉM,165
SOLIDÃO,12
SURUBIM,389
SÃO BENEDITO DO SUL,38
SÃO BENTO DO UNA,166
SÃO CAITANO,193
SÃO JOAQUIM DO MONTE,42
SÃO JOSÉ DA COROA GRANDE,197
SÃO JOSÉ DO BELMONTE,78
SÃO JOSÉ DO EGITO,179
SÃO JOÃO,158
SÃO LOURENÇO DA MATA,1876
SÃO VICENTE FÉRRER,72
TABIRA,167
TACAIMBÓ,49
TACARATU,50
TAMANDARÉ,246
TAQUARITINGA DO NORTE,177
TEREZINHA,30
TERRA NOVA,25
TIMBAÚBA,415
TORITAMA,238
TRACUNHAÉM,124
TRINDADE,84
TRIUNFO,147
TUPANATINGA,27
TUPARETAMA,38
VENTUROSA,125
VERDEJANTE,19
VERTENTE DO LÉRIO,40
VERTENTES,150
VICÊNCIA,110
VITÓRIA DE SANTO ANTÃO,1074
XEXÉU,57
ÁGUA PRETA,154
ÁGUAS BELAS,106
TOTAL,146123
