municipio,CARLOS EDUARDO BRAGA FARIAS
ABREU E LIMA,33
AFOGADOS DA INGAZEIRA,31
AFRÂNIO,0
AGRESTINA,31
ALAGOINHA,0
ALIANÇA,10
ALTINHO,18
AMARAJI,18
ANGELIM,1
ARARIPINA,6
ARAÇOIABA,1
ARCOVERDE,27
BARRA DE GUABIRABA,7
BARREIROS,6
BELO JARDIM,37
BELÉM DE MARIA,8
BELÉM DO SÃO FRANCISCO,3
BETÂNIA,0
BEZERROS,101
BODOCÓ,1
BOM CONSELHO,1
BOM JARDIM,1
BONITO,15
BREJINHO,0
BREJO DA MADRE DE DEUS,15
BREJÃO,1
BUENOS AIRES,1
BUÍQUE,11
CABO DE SANTO AGOSTINHO,107
CABROBÓ,2
CACHOEIRINHA,9
CAETÉS,0
CALUMBI,0
CALÇADO,5
CAMARAGIBE,80
CAMOCIM DE SÃO FÉLIX,12
CAMUTANGA,3
CANHOTINHO,0
CAPOEIRAS,0
CARNAUBEIRA DA PENHA,1
CARNAÍBA,1
CARPINA,37
CARUARU,2749
CASINHAS,0
CATENDE,33
CEDRO,1
CHÃ DE ALEGRIA,0
CHÃ GRANDE,8
CONDADO,3
CORRENTES,7
CORTÊS,1
CUMARU,40
CUPIRA,20
CUSTÓDIA,3
DORMENTES,0
ESCADA,9
EXU,3
FEIRA NOVA,4
FERNANDO DE NORONHA,6
FERREIROS,3
FLORES,0
FLORESTA,10
FREI MIGUELINHO,7
GAMELEIRA,2
GARANHUNS,96
GLÓRIA DO GOITÁ,21
GOIANA,23
GRANITO,0
GRAVATÁ,50
IATI,3
IBIMIRIM,1
IBIRAJUBA,8
IGARASSU,48
IGUARACY,7
ILHA DE ITAMARACÁ,21
INAJÁ,0
INGAZEIRA,0
IPOJUCA,18
IPUBI,3
ITACURUBA,0
ITAMBÉ,2
ITAPETIM,1
ITAPISSUMA,1
ITAQUITINGA,4
ITAÍBA,3
JABOATÃO DOS GUARARAPES,383
JAQUEIRA,0
JATAÚBA,14
JATOBÁ,0
JOAQUIM NABUCO,5
JOÃO ALFREDO,3
JUCATI,0
JUPI,0
JUREMA,4
LAGOA DE ITAENGA,3
LAGOA DO CARRO,3
LAGOA DO OURO,2
LAGOA DOS GATOS,1
LAGOA GRANDE,1
LAJEDO,16
LIMOEIRO,22
MACAPARANA,0
MACHADOS,1
MANARI,0
MARAIAL,0
MIRANDIBA,0
MOREILÂNDIA,1
MORENO,16
NAZARÉ DA MATA,3
OLINDA,539
OROBÓ,2
OROCÓ,0
OURICURI,14
PALMARES,50
PALMEIRINA,21
PANELAS,7
PARANATAMA,0
PARNAMIRIM,5
PASSIRA,16
PAUDALHO,29
PAULISTA,301
PEDRA,3
PESQUEIRA,31
PETROLINA,42
PETROLÂNDIA,0
POMBOS,9
POÇÃO,36
PRIMAVERA,5
QUIPAPÁ,1
QUIXABA,0
RECIFE,1970
RIACHO DAS ALMAS,58
RIBEIRÃO,13
RIO FORMOSO,6
SAIRÉ,9
SALGADINHO,0
SALGUEIRO,20
SALOÁ,2
SANHARÓ,7
SANTA CRUZ,0
SANTA CRUZ DA BAIXA VERDE,0
SANTA CRUZ DO CAPIBARIBE,21
SANTA FILOMENA,0
SANTA MARIA DA BOA VISTA,2
SANTA MARIA DO CAMBUCÁ,4
SANTA TEREZINHA,2
SERRA TALHADA,16
SERRITA,0
SERTÂNIA,3
SIRINHAÉM,1
SOLIDÃO,2
SURUBIM,23
SÃO BENEDITO DO SUL,7
SÃO BENTO DO UNA,23
SÃO CAITANO,24
SÃO JOAQUIM DO MONTE,6
SÃO JOSÉ DA COROA GRANDE,7
SÃO JOSÉ DO BELMONTE,0
SÃO JOSÉ DO EGITO,12
SÃO JOÃO,5
SÃO LOURENÇO DA MATA,61
SÃO VICENTE FÉRRER,2
TABIRA,8
TACAIMBÓ,5
TACARATU,0
TAMANDARÉ,3
TAQUARITINGA DO NORTE,13
TEREZINHA,1
TERRA NOVA,0
TIMBAÚBA,22
TORITAMA,41
TRACUNHAÉM,2
TRINDADE,18
TRIUNFO,1
TUPANATINGA,1
TUPARETAMA,1
VENTUROSA,1
VERDEJANTE,0
VERTENTE DO LÉRIO,4
VERTENTES,2
VICÊNCIA,1
VITÓRIA DE SANTO ANTÃO,43
XEXÉU,24
ÁGUA PRETA,6
ÁGUAS BELAS,5
TOTAL,7957
