municipio,ANA LÚCIA BARBOSA DOS SANTOS PAES DE SOUZA
ABREU E LIMA,32
AFOGADOS DA INGAZEIRA,4
AFRÂNIO,0
AGRESTINA,25
ALAGOINHA,21
ALIANÇA,5
ALTINHO,47
AMARAJI,12
ANGELIM,3
ARARIPINA,0
ARAÇOIABA,3
ARCOVERDE,49
BARRA DE GUABIRABA,1
BARREIROS,25
BELO JARDIM,175
BELÉM DE MARIA,10
BELÉM DO SÃO FRANCISCO,2
BETÂNIA,16
BEZERROS,60
BODOCÓ,2
BOM CONSELHO,2
BOM JARDIM,7
BONITO,22
BREJINHO,0
BREJO DA MADRE DE DEUS,456
BREJÃO,0
BUENOS AIRES,5
BUÍQUE,5
CABO DE SANTO AGOSTINHO,20
CABROBÓ,0
CACHOEIRINHA,29
CAETÉS,1
CALUMBI,0
CALÇADO,3
CAMARAGIBE,73
CAMOCIM DE SÃO FÉLIX,15
CAMUTANGA,0
CANHOTINHO,4
CAPOEIRAS,1
CARNAUBEIRA DA PENHA,8
CARNAÍBA,1
CARPINA,46
CARUARU,2996
CASINHAS,0
CATENDE,53
CEDRO,1
CHÃ DE ALEGRIA,4
CHÃ GRANDE,7
CONDADO,3
CORRENTES,1
CORTÊS,9
CUMARU,8
CUPIRA,137
CUSTÓDIA,6
DORMENTES,1
ESCADA,42
EXU,2
FEIRA NOVA,8
FERNANDO DE NORONHA,4
FERREIROS,0
FLORES,1
FLORESTA,20
FREI MIGUELINHO,12
GAMELEIRA,10
GARANHUNS,18
GLÓRIA DO GOITÁ,2
GOIANA,3
GRANITO,0
GRAVATÁ,71
IATI,0
IBIMIRIM,3
IBIRAJUBA,12
IGARASSU,24
IGUARACY,34
ILHA DE ITAMARACÁ,11
INAJÁ,34
INGAZEIRA,0
IPOJUCA,22
IPUBI,0
ITACURUBA,2
ITAMBÉ,3
ITAPETIM,1
ITAPISSUMA,1
ITAQUITINGA,2
ITAÍBA,0
JABOATÃO DOS GUARARAPES,158
JAQUEIRA,4
JATAÚBA,37
JATOBÁ,0
JOAQUIM NABUCO,10
JOÃO ALFREDO,5
JUCATI,1
JUPI,3
JUREMA,3
LAGOA DE ITAENGA,22
LAGOA DO CARRO,3
LAGOA DO OURO,1
LAGOA DOS GATOS,16
LAGOA GRANDE,1
LAJEDO,8
LIMOEIRO,84
MACAPARANA,4
MACHADOS,3
MANARI,0
MARAIAL,4
MIRANDIBA,1
MOREILÂNDIA,0
MORENO,15
NAZARÉ DA MATA,11
OLINDA,223
OROBÓ,9
OROCÓ,0
OURICURI,5
PALMARES,71
PALMEIRINA,0
PANELAS,171
PARANATAMA,0
PARNAMIRIM,0
PASSIRA,13
PAUDALHO,6
PAULISTA,141
PEDRA,3
PESQUEIRA,47
PETROLINA,33
PETROLÂNDIA,3
POMBOS,4
POÇÃO,9
PRIMAVERA,2
QUIPAPÁ,3
QUIXABA,25
RECIFE,917
RIACHO DAS ALMAS,38
RIBEIRÃO,17
RIO FORMOSO,2
SAIRÉ,27
SALGADINHO,1
SALGUEIRO,18
SALOÁ,0
SANHARÓ,9
SANTA CRUZ,0
SANTA CRUZ DA BAIXA VERDE,2
SANTA CRUZ DO CAPIBARIBE,31
SANTA FILOMENA,0
SANTA MARIA DA BOA VISTA,0
SANTA MARIA DO CAMBUCÁ,10
SANTA TEREZINHA,1
SERRA TALHADA,5
SERRITA,0
SERTÂNIA,6
SIRINHAÉM,3
SOLIDÃO,0
SURUBIM,37
SÃO BENEDITO DO SUL,0
SÃO BENTO DO UNA,1
SÃO CAITANO,313
SÃO JOAQUIM DO MONTE,6
SÃO JOSÉ DA COROA GRANDE,16
SÃO JOSÉ DO BELMONTE,0
SÃO JOSÉ DO EGITO,6
SÃO JOÃO,1
SÃO LOURENÇO DA MATA,29
SÃO VICENTE FÉRRER,3
TABIRA,2
TACAIMBÓ,32
TACARATU,2
TAMANDARÉ,16
TAQUARITINGA DO NORTE,42
TEREZINHA,0
TERRA NOVA,0
TIMBAÚBA,4
TORITAMA,100
TRACUNHAÉM,1
TRINDADE,2
TRIUNFO,0
TUPANATINGA,1
TUPARETAMA,0
VENTUROSA,32
VERDEJANTE,3
VERTENTE DO LÉRIO,2
VERTENTES,9
VICÊNCIA,6
VITÓRIA DE SANTO ANTÃO,21
XEXÉU,40
ÁGUA PRETA,15
ÁGUAS BELAS,197
TOTAL,7946
