municipio,IZAIAS REGIS NETO
ABREU E LIMA,3
AFOGADOS DA INGAZEIRA,1
AFRÂNIO,10
AGRESTINA,9
ALAGOINHA,0
ALIANÇA,0
ALTINHO,10
AMARAJI,1
ANGELIM,30
ARARIPINA,0
ARAÇOIABA,0
ARCOVERDE,6
BARRA DE GUABIRABA,0
BARREIROS,1
BELO JARDIM,8
BELÉM DE MARIA,0
BELÉM DO SÃO FRANCISCO,0
BETÂNIA,0
BEZERROS,27
BODOCÓ,0
BOM CONSELHO,135
BOM JARDIM,0
BONITO,4
BREJINHO,1
BREJO DA MADRE DE DEUS,8
BREJÃO,260
BUENOS AIRES,0
BUÍQUE,1
CABO DE SANTO AGOSTINHO,24
CABROBÓ,0
CACHOEIRINHA,8
CAETÉS,57
CALUMBI,0
CALÇADO,18
CAMARAGIBE,3
CAMOCIM DE SÃO FÉLIX,3
CAMUTANGA,1
CANHOTINHO,30
CAPOEIRAS,31
CARNAUBEIRA DA PENHA,0
CARNAÍBA,0
CARPINA,1
CARUARU,207
CASINHAS,0
CATENDE,2
CEDRO,0
CHÃ DE ALEGRIA,0
CHÃ GRANDE,3
CONDADO,0
CORRENTES,152
CORTÊS,0
CUMARU,1
CUPIRA,2
CUSTÓDIA,0
DORMENTES,0
ESCADA,6
EXU,0
FEIRA NOVA,0
FERNANDO DE NORONHA,0
FERREIROS,4
FLORES,0
FLORESTA,16
FREI MIGUELINHO,0
GAMELEIRA,0
GARANHUNS,8397
GLÓRIA DO GOITÁ,1
GOIANA,0
GRANITO,0
GRAVATÁ,139
IATI,227
IBIMIRIM,2
IBIRAJUBA,4
IGARASSU,5
IGUARACY,0
ILHA DE ITAMARACÁ,2
INAJÁ,1
INGAZEIRA,0
IPOJUCA,2
IPUBI,0
ITACURUBA,0
ITAMBÉ,0
ITAPETIM,0
ITAPISSUMA,0
ITAQUITINGA,0
ITAÍBA,20
JABOATÃO DOS GUARARAPES,188
JAQUEIRA,1
JATAÚBA,0
JATOBÁ,0
JOAQUIM NABUCO,0
JOÃO ALFREDO,0
JUCATI,21
JUPI,21
JUREMA,168
LAGOA DE ITAENGA,0
LAGOA DO CARRO,0
LAGOA DO OURO,99
LAGOA DOS GATOS,7
LAGOA GRANDE,0
LAJEDO,47
LIMOEIRO,2
MACAPARANA,0
MACHADOS,0
MANARI,0
MARAIAL,0
MIRANDIBA,0
MOREILÂNDIA,0
MORENO,3
NAZARÉ DA MATA,5
OLINDA,28
OROBÓ,0
OROCÓ,0
OURICURI,1
PALMARES,3
PALMEIRINA,17
PANELAS,58
PARANATAMA,52
PARNAMIRIM,0
PASSIRA,0
PAUDALHO,0
PAULISTA,25
PEDRA,31
PESQUEIRA,32
PETROLINA,12
PETROLÂNDIA,2
POMBOS,9
POÇÃO,0
PRIMAVERA,0
QUIPAPÁ,9
QUIXABA,0
RECIFE,418
RIACHO DAS ALMAS,3
RIBEIRÃO,5
RIO FORMOSO,2
SAIRÉ,1
SALGADINHO,2
SALGUEIRO,1
SALOÁ,52
SANHARÓ,1
SANTA CRUZ,0
SANTA CRUZ DA BAIXA VERDE,0
SANTA CRUZ DO CAPIBARIBE,12
SANTA FILOMENA,0
SANTA MARIA DA BOA VISTA,19
SANTA MARIA DO CAMBUCÁ,1
SANTA TEREZINHA,0
SERRA TALHADA,1
SERRITA,0
SERTÂNIA,1
SIRINHAÉM,3
SOLIDÃO,0
SURUBIM,5
SÃO BENEDITO DO SUL,1
SÃO BENTO DO UNA,28
SÃO CAITANO,0
SÃO JOAQUIM DO MONTE,0
SÃO JOSÉ DA COROA GRANDE,4
SÃO JOSÉ DO BELMONTE,0
SÃO JOSÉ DO EGITO,1
SÃO JOÃO,190
SÃO LOURENÇO DA MATA,15
SÃO VICENTE FÉRRER,0
TABIRA,1
TACAIMBÓ,2
TACARATU,0
TAMANDARÉ,2
TAQUARITINGA DO NORTE,25
TEREZINHA,97
TERRA NOVA,0
TIMBAÚBA,0
TORITAMA,1
TRACUNHAÉM,0
TRINDADE,0
TRIUNFO,0
TUPANATINGA,5
TUPARETAMA,0
VENTUROSA,12
VERDEJANTE,0
VERTENTE DO LÉRIO,1
VERTENTES,1
VICÊNCIA,0
VITÓRIA DE SANTO ANTÃO,3
XEXÉU,0
ÁGUA PRETA,4
ÁGUAS BELAS,28
TOTAL,11673
