municipio,ELIANE MARIA DA SILVA SOARES
ABREU E LIMA,115
AFOGADOS DA INGAZEIRA,26
AFRÂNIO,694
AGRESTINA,7
ALAGOINHA,10
ALIANÇA,44
ALTINHO,37
AMARAJI,11
ANGELIM,4
ARARIPINA,3514
ARAÇOIABA,13
ARCOVERDE,241
BARRA DE GUABIRABA,6
BARREIROS,122
BELO JARDIM,47
BELÉM DE MARIA,5
BELÉM DO SÃO FRANCISCO,809
BETÂNIA,2
BEZERROS,294
BODOCÓ,2778
BOM CONSELHO,19
BOM JARDIM,9
BONITO,68
BREJINHO,532
BREJO DA MADRE DE DEUS,27
BREJÃO,7
BUENOS AIRES,54
BUÍQUE,127
CABO DE SANTO AGOSTINHO,322
CABROBÓ,372
CACHOEIRINHA,30
CAETÉS,40
CALUMBI,3
CALÇADO,2
CAMARAGIBE,131
CAMOCIM DE SÃO FÉLIX,4
CAMUTANGA,7
CANHOTINHO,18
CAPOEIRAS,118
CARNAUBEIRA DA PENHA,422
CARNAÍBA,19
CARPINA,36
CARUARU,545
CASINHAS,4
CATENDE,54
CEDRO,779
CHÃ DE ALEGRIA,2
CHÃ GRANDE,5
CONDADO,573
CORRENTES,4
CORTÊS,225
CUMARU,6
CUPIRA,25
CUSTÓDIA,89
DORMENTES,2228
ESCADA,47
EXU,1353
FEIRA NOVA,10
FERNANDO DE NORONHA,5
FERREIROS,4
FLORES,272
FLORESTA,214
FREI MIGUELINHO,3
GAMELEIRA,88
GARANHUNS,561
GLÓRIA DO GOITÁ,48
GOIANA,29
GRANITO,696
GRAVATÁ,42
IATI,530
IBIMIRIM,58
IBIRAJUBA,2
IGARASSU,136
IGUARACY,33
ILHA DE ITAMARACÁ,14
INAJÁ,39
INGAZEIRA,5
IPOJUCA,965
IPUBI,724
ITACURUBA,237
ITAMBÉ,4
ITAPETIM,3179
ITAPISSUMA,9
ITAQUITINGA,3
ITAÍBA,25
JABOATÃO DOS GUARARAPES,4375
JAQUEIRA,9
JATAÚBA,7
JATOBÁ,21
JOAQUIM NABUCO,19
JOÃO ALFREDO,17
JUCATI,103
JUPI,85
JUREMA,14
LAGOA DE ITAENGA,9
LAGOA DO CARRO,5
LAGOA DO OURO,7
LAGOA DOS GATOS,85
LAGOA GRANDE,3390
LAJEDO,93
LIMOEIRO,31
MACAPARANA,5
MACHADOS,2
MANARI,13
MARAIAL,3
MIRANDIBA,73
MOREILÂNDIA,626
MORENO,36
NAZARÉ DA MATA,120
OLINDA,1174
OROBÓ,6
OROCÓ,806
OURICURI,15264
PALMARES,155
PALMEIRINA,5
PANELAS,215
PARANATAMA,45
PARNAMIRIM,3335
PASSIRA,32
PAUDALHO,48
PAULISTA,1932
PEDRA,239
PESQUEIRA,49
PETROLINA,17057
PETROLÂNDIA,591
POMBOS,12
POÇÃO,6
PRIMAVERA,4
QUIPAPÁ,15
QUIXABA,3
RECIFE,3319
RIACHO DAS ALMAS,33
RIBEIRÃO,588
RIO FORMOSO,11
SAIRÉ,16
SALGADINHO,1
SALGUEIRO,665
SALOÁ,28
SANHARÓ,13
SANTA CRUZ,8502
SANTA CRUZ DA BAIXA VERDE,327
SANTA CRUZ DO CAPIBARIBE,122
SANTA FILOMENA,4408
SANTA MARIA DA BOA VISTA,2562
SANTA MARIA DO CAMBUCÁ,5
SANTA TEREZINHA,68
SERRA TALHADA,73
SERRITA,1670
SERTÂNIA,42
SIRINHAÉM,17
SOLIDÃO,2
SURUBIM,526
SÃO BENEDITO DO SUL,1
SÃO BENTO DO UNA,73
SÃO CAITANO,42
SÃO JOAQUIM DO MONTE,7
SÃO JOSÉ DA COROA GRANDE,21
SÃO JOSÉ DO BELMONTE,60
SÃO JOSÉ DO EGITO,69
SÃO JOÃO,22
SÃO LOURENÇO DA MATA,135
SÃO VICENTE FÉRRER,7
TABIRA,28
TACAIMBÓ,2
TACARATU,181
TAMANDARÉ,15
TAQUARITINGA DO NORTE,14
TEREZINHA,1
TERRA NOVA,82
TIMBAÚBA,11
TORITAMA,7
TRACUNHAÉM,9
TRINDADE,3111
TRIUNFO,18
TUPANATINGA,119
TUPARETAMA,19
VENTUROSA,33
VERDEJANTE,28
VERTENTE DO LÉRIO,3
VERTENTES,28
VICÊNCIA,9
VITÓRIA DE SANTO ANTÃO,42
XEXÉU,4
ÁGUA PRETA,14
ÁGUAS BELAS,22
TOTAL,102396
