municipio,FRANCISCO EURICO DA SILVA
ABREU E LIMA,128
AFOGADOS DA INGAZEIRA,128
AFRÂNIO,96
AGRESTINA,95
ALAGOINHA,53
ALIANÇA,146
ALTINHO,301
AMARAJI,82
ANGELIM,13
ARARIPINA,246
ARAÇOIABA,78
ARCOVERDE,90
BARRA DE GUABIRABA,285
BARREIROS,339
BELO JARDIM,93
BELÉM DE MARIA,29
BELÉM DO SÃO FRANCISCO,44
BETÂNIA,43
BEZERROS,130
BODOCÓ,18
BOM CONSELHO,71
BOM JARDIM,76
BONITO,134
BREJINHO,4
BREJO DA MADRE DE DEUS,156
BREJÃO,19
BUENOS AIRES,65
BUÍQUE,74
CABO DE SANTO AGOSTINHO,979
CABROBÓ,79
CACHOEIRINHA,41
CAETÉS,20
CALUMBI,39
CALÇADO,9
CAMARAGIBE,871
CAMOCIM DE SÃO FÉLIX,77
CAMUTANGA,68
CANHOTINHO,11
CAPOEIRAS,11
CARNAUBEIRA DA PENHA,73
CARNAÍBA,45
CARPINA,829
CARUARU,1066
CASINHAS,6
CATENDE,174
CEDRO,5
CHÃ DE ALEGRIA,107
CHÃ GRANDE,137
CONDADO,141
CORRENTES,5
CORTÊS,62
CUMARU,15
CUPIRA,107
CUSTÓDIA,140
DORMENTES,130
ESCADA,220
EXU,60
FEIRA NOVA,83
FERNANDO DE NORONHA,3
FERREIROS,37
FLORES,90
FLORESTA,162
FREI MIGUELINHO,45
GAMELEIRA,279
GARANHUNS,281
GLÓRIA DO GOITÁ,116
GOIANA,917
GRANITO,18
GRAVATÁ,279
IATI,79
IBIMIRIM,39
IBIRAJUBA,36
IGARASSU,212
IGUARACY,9
ILHA DE ITAMARACÁ,12
INAJÁ,7
INGAZEIRA,16
IPOJUCA,1243
IPUBI,104
ITACURUBA,8
ITAMBÉ,153
ITAPETIM,12
ITAPISSUMA,16
ITAQUITINGA,17
ITAÍBA,19
JABOATÃO DOS GUARARAPES,3012
JAQUEIRA,53
JATAÚBA,17
JATOBÁ,19
JOAQUIM NABUCO,66
JOÃO ALFREDO,20
JUCATI,20
JUPI,9
JUREMA,33
LAGOA DE ITAENGA,128
LAGOA DO CARRO,34
LAGOA DO OURO,4
LAGOA DOS GATOS,55
LAGOA GRANDE,174
LAJEDO,77
LIMOEIRO,207
MACAPARANA,95
MACHADOS,13
MANARI,2
MARAIAL,42
MIRANDIBA,40
MOREILÂNDIA,49
MORENO,1340
NAZARÉ DA MATA,385
OLINDA,1845
OROBÓ,36
OROCÓ,9
OURICURI,157
PALMARES,813
PALMEIRINA,3
PANELAS,34
PARANATAMA,5
PARNAMIRIM,79
PASSIRA,69
PAUDALHO,632
PAULISTA,630
PEDRA,53
PESQUEIRA,90
PETROLINA,1961
PETROLÂNDIA,176
POMBOS,119
POÇÃO,3
PRIMAVERA,24
QUIPAPÁ,16
QUIXABA,26
RECIFE,4788
RIACHO DAS ALMAS,19
RIBEIRÃO,270
RIO FORMOSO,312
SAIRÉ,78
SALGADINHO,31
SALGUEIRO,151
SALOÁ,12
SANHARÓ,6
SANTA CRUZ,13
SANTA CRUZ DA BAIXA VERDE,28
SANTA CRUZ DO CAPIBARIBE,433
SANTA FILOMENA,12
SANTA MARIA DA BOA VISTA,164
SANTA MARIA DO CAMBUCÁ,30
SANTA TEREZINHA,34
SERRA TALHADA,387
SERRITA,9
SERTÂNIA,84
SIRINHAÉM,470
SOLIDÃO,2
SURUBIM,94
SÃO BENEDITO DO SUL,61
SÃO BENTO DO UNA,150
SÃO CAITANO,42
SÃO JOAQUIM DO MONTE,65
SÃO JOSÉ DA COROA GRANDE,95
SÃO JOSÉ DO BELMONTE,27
SÃO JOSÉ DO EGITO,34
SÃO JOÃO,14
SÃO LOURENÇO DA MATA,534
SÃO VICENTE FÉRRER,56
TABIRA,39
TACAIMBÓ,8
TACARATU,96
TAMANDARÉ,205
TAQUARITINGA DO NORTE,111
TEREZINHA,15
TERRA NOVA,24
TIMBAÚBA,172
TORITAMA,352
TRACUNHAÉM,82
TRINDADE,72
TRIUNFO,16
TUPANATINGA,17
TUPARETAMA,14
VENTUROSA,7
VERDEJANTE,2
VERTENTE DO LÉRIO,25
VERTENTES,44
VICÊNCIA,89
VITÓRIA DE SANTO ANTÃO,695
XEXÉU,19
ÁGUA PRETA,314
ÁGUAS BELAS,51
TOTAL,36503
