municipio,JONES MANOEL DA SILVA
ABREU E LIMA,3347
AFOGADOS DA INGAZEIRA,471
AFRÂNIO,73
AGRESTINA,286
ALAGOINHA,189
ALIANÇA,442
ALTINHO,239
AMARAJI,241
ANGELIM,118
ARARIPINA,622
ARAÇOIABA,252
ARCOVERDE,2195
BARRA DE GUABIRABA,72
BARREIROS,616
BELO JARDIM,1452
BELÉM DE MARIA,62
BELÉM DO SÃO FRANCISCO,219
BETÂNIA,56
BEZERROS,1839
BODOCÓ,195
BOM CONSELHO,509
BOM JARDIM,438
BONITO,363
BREJINHO,84
BREJO DA MADRE DE DEUS,511
BREJÃO,117
BUENOS AIRES,218
BUÍQUE,328
CABO DE SANTO AGOSTINHO,5713
CABROBÓ,223
CACHOEIRINHA,236
CAETÉS,297
CALUMBI,72
CALÇADO,118
CAMARAGIBE,6379
CAMOCIM DE SÃO FÉLIX,250
CAMUTANGA,106
CANHOTINHO,158
CAPOEIRAS,210
CARNAUBEIRA DA PENHA,48
CARNAÍBA,132
CARPINA,1704
CARUARU,9417
CASINHAS,65
CATENDE,421
CEDRO,129
CHÃ DE ALEGRIA,172
CHÃ GRANDE,367
CONDADO,363
CORRENTES,152
CORTÊS,71
CUMARU,169
CUPIRA,301
CUSTÓDIA,339
DORMENTES,46
ESCADA,1063
EXU,305
FEIRA NOVA,364
FERNANDO DE NORONHA,156
FERREIROS,183
FLORES,134
FLORESTA,554
FREI MIGUELINHO,152
GAMELEIRA,152
GARANHUNS,3638
GLÓRIA DO GOITÁ,336
GOIANA,1461
GRANITO,46
GRAVATÁ,2628
IATI,251
IBIMIRIM,136
IBIRAJUBA,81
IGARASSU,3335
IGUARACY,102
ILHA DE ITAMARACÁ,512
INAJÁ,86
INGAZEIRA,14
IPOJUCA,2388
IPUBI,113
ITACURUBA,43
ITAMBÉ,317
ITAPETIM,200
ITAPISSUMA,536
ITAQUITINGA,137
ITAÍBA,220
JABOATÃO DOS GUARARAPES,26020
JAQUEIRA,104
JATAÚBA,261
JATOBÁ,193
JOAQUIM NABUCO,154
JOÃO ALFREDO,369
JUCATI,116
JUPI,146
JUREMA,106
LAGOA DE ITAENGA,271
LAGOA DO CARRO,248
LAGOA DO OURO,175
LAGOA DOS GATOS,123
LAGOA GRANDE,140
LAJEDO,513
LIMOEIRO,1312
MACAPARANA,293
MACHADOS,141
MANARI,31
MARAIAL,33
MIRANDIBA,73
MOREILÂNDIA,120
MORENO,1656
NAZARÉ DA MATA,709
OLINDA,20204
OROBÓ,171
OROCÓ,77
OURICURI,516
PALMARES,1113
PALMEIRINA,78
PANELAS,217
PARANATAMA,160
PARNAMIRIM,183
PASSIRA,511
PAUDALHO,820
PAULISTA,14931
PEDRA,219
PESQUEIRA,1267
PETROLINA,7080
PETROLÂNDIA,438
POMBOS,332
POÇÃO,119
PRIMAVERA,106
QUIPAPÁ,172
QUIXABA,77
RECIFE,81364
RIACHO DAS ALMAS,192
RIBEIRÃO,451
RIO FORMOSO,278
SAIRÉ,154
SALGADINHO,56
SALGUEIRO,1004
SALOÁ,184
SANHARÓ,308
SANTA CRUZ,22
SANTA CRUZ DA BAIXA VERDE,95
SANTA CRUZ DO CAPIBARIBE,1913
SANTA FILOMENA,28
SANTA MARIA DA BOA VISTA,205
SANTA MARIA DO CAMBUCÁ,113
SANTA TEREZINHA,92
SERRA TALHADA,1076
SERRITA,197
SERTÂNIA,340
SIRINHAÉM,448
SOLIDÃO,31
SURUBIM,1129
SÃO BENEDITO DO SUL,85
SÃO BENTO DO UNA,396
SÃO CAITANO,608
SÃO JOAQUIM DO MONTE,178
SÃO JOSÉ DA COROA GRANDE,328
SÃO JOSÉ DO BELMONTE,230
SÃO JOSÉ DO EGITO,534
SÃO JOÃO,300
SÃO LOURENÇO DA MATA,3229
SÃO VICENTE FÉRRER,190
TABIRA,335
TACAIMBÓ,109
TACARATU,137
TAMANDARÉ,347
TAQUARITINGA DO NORTE,605
TEREZINHA,77
TERRA NOVA,140
TIMBAÚBA,831
TORITAMA,560
TRACUNHAÉM,241
TRINDADE,236
TRIUNFO,239
TUPANATINGA,95
TUPARETAMA,59
VENTUROSA,239
VERDEJANTE,62
VERTENTE DO LÉRIO,73
VERTENTES,305
VICÊNCIA,223
VITÓRIA DE SANTO ANTÃO,2775
XEXÉU,100
ÁGUA PRETA,234
ÁGUAS BELAS,344
TOTAL,249077
