municipio,JULIANA GOUVEIA ALVES DA SILVA
ABREU E LIMA,18
AFOGADOS DA INGAZEIRA,0
AFRÂNIO,1
AGRESTINA,40
ALAGOINHA,0
ALIANÇA,1
ALTINHO,8
AMARAJI,1
ANGELIM,1
ARARIPINA,0
ARAÇOIABA,5
ARCOVERDE,19
BARRA DE GUABIRABA,1
BARREIROS,2
BELO JARDIM,8
BELÉM DE MARIA,0
BELÉM DO SÃO FRANCISCO,1
BETÂNIA,0
BEZERROS,48
BODOCÓ,0
BOM CONSELHO,8
BOM JARDIM,3
BONITO,7
BREJINHO,0
BREJO DA MADRE DE DEUS,13
BREJÃO,5
BUENOS AIRES,0
BUÍQUE,0
CABO DE SANTO AGOSTINHO,99
CABROBÓ,0
CACHOEIRINHA,4
CAETÉS,1
CALUMBI,0
CALÇADO,2
CAMARAGIBE,65
CAMOCIM DE SÃO FÉLIX,10
CAMUTANGA,0
CANHOTINHO,4
CAPOEIRAS,1
CARNAUBEIRA DA PENHA,1
CARNAÍBA,1
CARPINA,39
CARUARU,1620
CASINHAS,0
CATENDE,7
CEDRO,0
CHÃ DE ALEGRIA,0
CHÃ GRANDE,8
CONDADO,0
CORRENTES,0
CORTÊS,0
CUMARU,2
CUPIRA,53
CUSTÓDIA,15
DORMENTES,0
ESCADA,1
EXU,0
FEIRA NOVA,1
FERNANDO DE NORONHA,2
FERREIROS,0
FLORES,0
FLORESTA,10
FREI MIGUELINHO,7
GAMELEIRA,0
GARANHUNS,57
GLÓRIA DO GOITÁ,2
GOIANA,6
GRANITO,3
GRAVATÁ,42
IATI,0
IBIMIRIM,9
IBIRAJUBA,1
IGARASSU,35
IGUARACY,0
ILHA DE ITAMARACÁ,4
INAJÁ,23
INGAZEIRA,0
IPOJUCA,8
IPUBI,1
ITACURUBA,0
ITAMBÉ,0
ITAPETIM,0
ITAPISSUMA,0
ITAQUITINGA,0
ITAÍBA,0
JABOATÃO DOS GUARARAPES,117
JAQUEIRA,3
JATAÚBA,3
JATOBÁ,0
JOAQUIM NABUCO,0
JOÃO ALFREDO,2
JUCATI,1
JUPI,0
JUREMA,1
LAGOA DE ITAENGA,2
LAGOA DO CARRO,4
LAGOA DO OURO,0
LAGOA DOS GATOS,1
LAGOA GRANDE,0
LAJEDO,3
LIMOEIRO,10
MACAPARANA,0
MACHADOS,0
MANARI,0
MARAIAL,0
MIRANDIBA,0
MOREILÂNDIA,0
MORENO,7
NAZARÉ DA MATA,2
OLINDA,195
OROBÓ,1
OROCÓ,0
OURICURI,0
PALMARES,7
PALMEIRINA,0
PANELAS,2
PARANATAMA,0
PARNAMIRIM,0
PASSIRA,1
PAUDALHO,5
PAULISTA,112
PEDRA,2
PESQUEIRA,13
PETROLINA,20
PETROLÂNDIA,0
POMBOS,6
POÇÃO,18
PRIMAVERA,0
QUIPAPÁ,0
QUIXABA,0
RECIFE,717
RIACHO DAS ALMAS,29
RIBEIRÃO,5
RIO FORMOSO,0
SAIRÉ,1
SALGADINHO,0
SALGUEIRO,22
SALOÁ,0
SANHARÓ,9
SANTA CRUZ,0
SANTA CRUZ DA BAIXA VERDE,0
SANTA CRUZ DO CAPIBARIBE,15
SANTA FILOMENA,0
SANTA MARIA DA BOA VISTA,11
SANTA MARIA DO CAMBUCÁ,2
SANTA TEREZINHA,0
SERRA TALHADA,66
SERRITA,1
SERTÂNIA,20
SIRINHAÉM,1
SOLIDÃO,0
SURUBIM,10
SÃO BENEDITO DO SUL,0
SÃO BENTO DO UNA,3
SÃO CAITANO,15
SÃO JOAQUIM DO MONTE,2
SÃO JOSÉ DA COROA GRANDE,17
SÃO JOSÉ DO BELMONTE,13
SÃO JOSÉ DO EGITO,4
SÃO JOÃO,1
SÃO LOURENÇO DA MATA,32
SÃO VICENTE FÉRRER,2
TABIRA,0
TACAIMBÓ,3
TACARATU,5
TAMANDARÉ,1
TAQUARITINGA DO NORTE,10
TEREZINHA,1
TERRA NOVA,0
TIMBAÚBA,5
TORITAMA,14
TRACUNHAÉM,0
TRINDADE,0
TRIUNFO,3
TUPANATINGA,0
TUPARETAMA,0
VENTUROSA,0
VERDEJANTE,0
VERTENTE DO LÉRIO,0
VERTENTES,14
VICÊNCIA,1
VITÓRIA DE SANTO ANTÃO,15
XEXÉU,0
ÁGUA PRETA,18
ÁGUAS BELAS,20
TOTAL,3980
