municipio,GABRIELLA DE BRITO SILVA
ABREU E LIMA,27
AFOGADOS DA INGAZEIRA,1
AFRÂNIO,0
AGRESTINA,6
ALAGOINHA,2
ALIANÇA,151
ALTINHO,1
AMARAJI,5
ANGELIM,0
ARARIPINA,3
ARAÇOIABA,1
ARCOVERDE,14
BARRA DE GUABIRABA,2
BARREIROS,5
BELO JARDIM,23
BELÉM DE MARIA,0
BELÉM DO SÃO FRANCISCO,0
BETÂNIA,0
BEZERROS,14
BODOCÓ,0
BOM CONSELHO,8
BOM JARDIM,1
BONITO,7
BREJINHO,0
BREJO DA MADRE DE DEUS,3
BREJÃO,2
BUENOS AIRES,1
BUÍQUE,2
CABO DE SANTO AGOSTINHO,40
CABROBÓ,0
CACHOEIRINHA,2
CAETÉS,5
CALUMBI,0
CALÇADO,0
CAMARAGIBE,45
CAMOCIM DE SÃO FÉLIX,4
CAMUTANGA,132
CANHOTINHO,1
CAPOEIRAS,0
CARNAUBEIRA DA PENHA,1
CARNAÍBA,1
CARPINA,21
CARUARU,95
CASINHAS,5
CATENDE,6
CEDRO,0
CHÃ DE ALEGRIA,0
CHÃ GRANDE,1
CONDADO,7
CORRENTES,1
CORTÊS,1
CUMARU,1
CUPIRA,5
CUSTÓDIA,3
DORMENTES,1
ESCADA,4
EXU,2
FEIRA NOVA,3
FERNANDO DE NORONHA,1
FERREIROS,46
FLORES,1
FLORESTA,1
FREI MIGUELINHO,1
GAMELEIRA,1
GARANHUNS,12
GLÓRIA DO GOITÁ,2
GOIANA,20
GRANITO,0
GRAVATÁ,12
IATI,0
IBIMIRIM,0
IBIRAJUBA,0
IGARASSU,32
IGUARACY,0
ILHA DE ITAMARACÁ,2
INAJÁ,2
INGAZEIRA,0
IPOJUCA,12
IPUBI,1
ITACURUBA,0
ITAMBÉ,16
ITAPETIM,0
ITAPISSUMA,17
ITAQUITINGA,2
ITAÍBA,2
JABOATÃO DOS GUARARAPES,228
JAQUEIRA,2
JATAÚBA,1
JATOBÁ,0
JOAQUIM NABUCO,0
JOÃO ALFREDO,6
JUCATI,0
JUPI,2
JUREMA,0
LAGOA DE ITAENGA,2
LAGOA DO CARRO,2
LAGOA DO OURO,0
LAGOA DOS GATOS,3
LAGOA GRANDE,0
LAJEDO,2
LIMOEIRO,6
MACAPARANA,15
MACHADOS,0
MANARI,2
MARAIAL,3
MIRANDIBA,0
MOREILÂNDIA,0
MORENO,8
NAZARÉ DA MATA,12
OLINDA,221
OROBÓ,1
OROCÓ,1
OURICURI,2
PALMARES,9
PALMEIRINA,0
PANELAS,0
PARANATAMA,0
PARNAMIRIM,0
PASSIRA,3
PAUDALHO,6
PAULISTA,138
PEDRA,3
PESQUEIRA,6
PETROLINA,15
PETROLÂNDIA,0
POMBOS,1
POÇÃO,0
PRIMAVERA,2
QUIPAPÁ,0
QUIXABA,0
RECIFE,903
RIACHO DAS ALMAS,0
RIBEIRÃO,5
RIO FORMOSO,3
SAIRÉ,1
SALGADINHO,0
SALGUEIRO,3
SALOÁ,1
SANHARÓ,4
SANTA CRUZ,0
SANTA CRUZ DA BAIXA VERDE,1
SANTA CRUZ DO CAPIBARIBE,20
SANTA FILOMENA,0
SANTA MARIA DA BOA VISTA,0
SANTA MARIA DO CAMBUCÁ,3
SANTA TEREZINHA,0
SERRA TALHADA,7
SERRITA,0
SERTÂNIA,12
SIRINHAÉM,3
SOLIDÃO,0
SURUBIM,6
SÃO BENEDITO DO SUL,0
SÃO BENTO DO UNA,2
SÃO CAITANO,4
SÃO JOAQUIM DO MONTE,1
SÃO JOSÉ DA COROA GRANDE,1
SÃO JOSÉ DO BELMONTE,0
SÃO JOSÉ DO EGITO,16
SÃO JOÃO,0
SÃO LOURENÇO DA MATA,17
SÃO VICENTE FÉRRER,4
TABIRA,21
TACAIMBÓ,1
TACARATU,4
TAMANDARÉ,12
TAQUARITINGA DO NORTE,5
TEREZINHA,2
TERRA NOVA,0
TIMBAÚBA,1439
TORITAMA,8
TRACUNHAÉM,0
TRINDADE,0
TRIUNFO,1
TUPANATINGA,0
TUPARETAMA,0
VENTUROSA,1
VERDEJANTE,0
VERTENTE DO LÉRIO,1
VERTENTES,5
VICÊNCIA,6
VITÓRIA DE SANTO ANTÃO,17
XEXÉU,1
ÁGUA PRETA,0
ÁGUAS BELAS,3
TOTAL,4095
