municipio,ANTONIO MAURO DA COSTA
ABREU E LIMA,2
AFOGADOS DA INGAZEIRA,3
AFRÂNIO,0
AGRESTINA,18
ALAGOINHA,0
ALIANÇA,0
ALTINHO,7
AMARAJI,6
ANGELIM,0
ARARIPINA,1
ARAÇOIABA,0
ARCOVERDE,2
BARRA DE GUABIRABA,35
BARREIROS,1
BELO JARDIM,4
BELÉM DE MARIA,14
BELÉM DO SÃO FRANCISCO,0
BETÂNIA,0
BEZERROS,10
BODOCÓ,0
BOM CONSELHO,0
BOM JARDIM,0
BONITO,25
BREJINHO,1
BREJO DA MADRE DE DEUS,28
BREJÃO,0
BUENOS AIRES,3
BUÍQUE,0
CABO DE SANTO AGOSTINHO,13
CABROBÓ,0
CACHOEIRINHA,3
CAETÉS,0
CALUMBI,0
CALÇADO,0
CAMARAGIBE,1
CAMOCIM DE SÃO FÉLIX,7
CAMUTANGA,0
CANHOTINHO,0
CAPOEIRAS,0
CARNAUBEIRA DA PENHA,0
CARNAÍBA,0
CARPINA,0
CARUARU,274
CASINHAS,1
CATENDE,2
CEDRO,0
CHÃ DE ALEGRIA,0
CHÃ GRANDE,0
CONDADO,0
CORRENTES,0
CORTÊS,616
CUMARU,0
CUPIRA,24
CUSTÓDIA,0
DORMENTES,0
ESCADA,0
EXU,0
FEIRA NOVA,0
FERNANDO DE NORONHA,0
FERREIROS,0
FLORES,0
FLORESTA,0
FREI MIGUELINHO,4
GAMELEIRA,0
GARANHUNS,6
GLÓRIA DO GOITÁ,0
GOIANA,0
GRANITO,0
GRAVATÁ,5
IATI,0
IBIMIRIM,0
IBIRAJUBA,1
IGARASSU,1
IGUARACY,3
ILHA DE ITAMARACÁ,0
INAJÁ,0
INGAZEIRA,2
IPOJUCA,5
IPUBI,1
ITACURUBA,0
ITAMBÉ,0
ITAPETIM,0
ITAPISSUMA,0
ITAQUITINGA,0
ITAÍBA,0
JABOATÃO DOS GUARARAPES,14
JAQUEIRA,0
JATAÚBA,15
JATOBÁ,0
JOAQUIM NABUCO,10
JOÃO ALFREDO,0
JUCATI,0
JUPI,0
JUREMA,0
LAGOA DE ITAENGA,0
LAGOA DO CARRO,0
LAGOA DO OURO,0
LAGOA DOS GATOS,8
LAGOA GRANDE,0
LAJEDO,2
LIMOEIRO,1
MACAPARANA,0
MACHADOS,0
MANARI,0
MARAIAL,1
MIRANDIBA,0
MOREILÂNDIA,0
MORENO,0
NAZARÉ DA MATA,2
OLINDA,18
OROBÓ,0
OROCÓ,1
OURICURI,0
PALMARES,13
PALMEIRINA,0
PANELAS,3
PARANATAMA,0
PARNAMIRIM,0
PASSIRA,0
PAUDALHO,0
PAULISTA,3
PEDRA,0
PESQUEIRA,0
PETROLINA,5
PETROLÂNDIA,0
POMBOS,0
POÇÃO,0
PRIMAVERA,0
QUIPAPÁ,0
QUIXABA,0
RECIFE,71
RIACHO DAS ALMAS,4
RIBEIRÃO,31
RIO FORMOSO,0
SAIRÉ,3
SALGADINHO,0
SALGUEIRO,0
SALOÁ,0
SANHARÓ,0
SANTA CRUZ,0
SANTA CRUZ DA BAIXA VERDE,0
SANTA CRUZ DO CAPIBARIBE,35
SANTA FILOMENA,0
SANTA MARIA DA BOA VISTA,0
SANTA MARIA DO CAMBUCÁ,0
SANTA TEREZINHA,0
SERRA TALHADA,0
SERRITA,0
SERTÂNIA,0
SIRINHAÉM,0
SOLIDÃO,0
SURUBIM,2
SÃO BENEDITO DO SUL,7
SÃO BENTO DO UNA,0
SÃO CAITANO,2
SÃO JOAQUIM DO MONTE,5
SÃO JOSÉ DA COROA GRANDE,0
SÃO JOSÉ DO BELMONTE,0
SÃO JOSÉ DO EGITO,0
SÃO JOÃO,0
SÃO LOURENÇO DA MATA,0
SÃO VICENTE FÉRRER,0
TABIRA,0
TACAIMBÓ,1
TACARATU,0
TAMANDARÉ,0
TAQUARITINGA DO NORTE,24
TEREZINHA,0
TERRA NOVA,0
TIMBAÚBA,0
TORITAMA,6
TRACUNHAÉM,2
TRINDADE,0
TRIUNFO,0
TUPANATINGA,1
TUPARETAMA,18
VENTUROSA,0
VERDEJANTE,0
VERTENTE DO LÉRIO,0
VERTENTES,1
VICÊNCIA,0
VITÓRIA DE SANTO ANTÃO,0
XEXÉU,2
ÁGUA PRETA,0
ÁGUAS BELAS,0
TOTAL,1440
